Order,Embedding,Classifier,Accuracy,AUC,F1,Precision,Recall
first,Feather-G,SVM,0.8898809523809523,0.8954433341765748,0.8931665062560153,0.818342151675485,0.9830508474576272
first,Feather-G,RF,0.9434523809523809,0.9427807993928661,0.9391675560298826,0.946236559139785,0.9322033898305084
first,Graph2Vec,SVM,0.5525793650793651,0.5379300531242094,0.3913630229419703,0.5390334572490706,0.3072033898305085
first,Graph2Vec,RF,0.6081349206349206,0.6071180116367316,0.5855194123819517,0.58004158004158,0.5911016949152542
